Model,Mean_Abs_Spearman,N_Datasets,Category
ProGen3 1B,0.5870149966662462,20,PLM
ProGen3 3B,0.5828394482542856,20,PLM
ESM1v,0.5774712122649805,20,PLM
ProGen2 Large,0.5686172438883854,20,PLM
ProGen2 XLarge,0.552030957589794,20,PLM
EVA 1.4B,0.45791414156970023,20,Unknown
ESMC 300M,0.4541266085414109,20,PLM
Evo2 1B,0.17382079830633815,20,DLM
Evo2 40B,0.11503806925912419,20,DLM
EVA 21M,0.11234906103770163,20,Unknown
GENA,0.08604535376645477,20,DLM
